source;target
Sunscreen;wardah
Sunscreen;biore
Sunscreen;emina
Sunscreen;azarine
Sunscreen;hadalabo
Sunscreen;the originote
Sunscreen;bioaqua
Sunscreen;skintific
Sunscreen;nivea
Sunscreen;scarlett
Sunscreen;joar
Sunscreen;implora
Sunscreen;y.o.u
Sunscreen;hanasui
Sunscreen;facetology
Sunscreen;skin aqua
Sunscreen;somethinc
Sunscreen;msglow
Sunscreen;garnier
Sunscreen;glad2glow
Facial wash;emina
Facial wash;azarine
Facial wash;hadalabo
Facial wash;the originote
Facial wash;bioaqua
Facial wash;skintific
Facial wash;wardah
Facial wash;biore
Facial wash;nivea
Facial wash;scarlett
Facial wash;joar
Facial wash;implora
Facial wash;y.o.u
Facial wash;hanasui
Facial wash;facetology
Facial wash;skin aqua
Facial wash;somethinc
Facial wash;msglow
Facial wash;garnier
Facial wash;glad2glow
Serum;wardah
Serum;biore
Serum;emina
Serum;azarine
Serum;hadalabo
Serum;the originote
Serum;bioaqua
Serum;skintific
Serum;nivea
Serum;scarlett
Serum;joar
Serum;implora
Serum;y.o.u
Serum;hanasui
Serum;facetology
Serum;skin aqua
Serum;somethinc
Serum;msglow
Serum;garnier
Serum;glad2glow
Micellar water;wardah
Micellar water;biore
Micellar water;emina
Micellar water;azarine
Micellar water;hadalabo
Micellar water;the originote
Micellar water;bioaqua
Micellar water;skintific
Micellar water;nivea
Micellar water;scarlett
Micellar water;joar
Micellar water;implora
Micellar water;y.o.u
Micellar water;hanasui
Micellar water;facetology
Micellar water;skin aqua
Micellar water;somethinc
Micellar water;msglow
Micellar water;garnier
Micellar water;glad2glow
Toner;wardah
Toner;biore
Toner;emina
Toner;azarine
Toner;hadalabo
Toner;the originote
Toner;bioaqua
Toner;skintific
Toner;nivea
Toner;scarlett
Toner;joar
Toner;implora
Toner;y.o.u
Toner;hanasui
Toner;facetology
Toner;skin aqua
Toner;somethinc
Toner;msglow
Toner;garnier
Toner;glad2glow
